model,accuracy
CASKnet,0.9451152579582875
SignalP6,0.6289791437980241
TargetP2,0.6180021953896817
